name,category,tier,exclusions,conflicts,premium
Tie Dye Dreams,clothing,bronze,
Handmade Haven,craft,platinum,
Sunset Paintings,art,platinum,
Silver Moon Jewelry,jewelry,gold,
Thread & Needle,clothing,silver,
Joe's BBQ,food,bronze,
Festival Maps & More,other,bronze,
Color Splash Studio,art,gold,
Ocean Brush Art,art,silver,
Quick Caricatures,services,bronze,
Mama Rosa's Kitchen,food,gold,
The Canvas Collective,art,bronze,
Knotty by Nature,craft,platinum,cat:art
The Craft Barn,craft,gold,
Sunrise Tacos,food,silver,
Coastal Gems,jewelry,silver,
Stitch & Stone,craft,silver,
Face Paint Fantasy,services,gold,
Henna by Hannah,services,platinum,
Woodwork Wonders,craft,silver,
Paper & Thread,craft,bronze,
The Potters Wheel,craft,bronze,
Sunscreen Station,other,bronze,
Driftwood Gallery,art,gold,
The Smoky Pit,food,silver,
Candle Cove Crafts,craft,bronze,
Coastal Creamery,food,bronze,
Boho Beach Wear,clothing,silver,
Woven Winds,craft,bronze,
Beachside Bites,food,bronze,
Leather & Lace Co,craft,silver,
Grill & Chill,food,bronze,
Palm Reading Palace,services,gold,
Palette Knife Works,art,silver,
Watercolor Wonders,art,silver,
Abstract Horizons,art,bronze,
Soap Suds Studio,craft,bronze,
Photo Booth Fun,services,bronze,
Noodle Shack,food,silver,
Coastal Impressions,art,gold,
Seascape Studio,art,silver,
Fryin' Saucer,food,gold,
The Waffle House,food,silver,
Sun Kissed Apparel,clothing,bronze,
Glassblown Treasures,craft,bronze,
Bead & Wire Studio,jewelry,silver,
Sweet Corn Stand,food,bronze,
Sea Glass Designs,jewelry,bronze,
Bayou Boil,food,gold,
Lemon Drop Lemonade,food,platinum,
Pizza Planet Cart,food,bronze,
Island Jerk Hut,food,silver,
Twisted Metal Co,jewelry,gold,
Funnel Cake Factory,food,silver,
The Hat Shack,clothing,gold,
Boardwalk Burgers,food,gold,
Vintage Vibes Clothing,clothing,gold,
Airbrush Alley,services,gold,
Coastal Threads,clothing,bronze,
Pearl Cove Jewelry,jewelry,silver,
Pho Real,food,platinum,
Crab Cake Cove,food,silver,
Island Wear Co,clothing,silver,
Kettle Corn King,food,silver,
Curry Up Now,food,bronze,
Vivid Visions Art,art,bronze,
Taco Libre,food,bronze,
Spectrum Fine Art,art,platinum,
Sushi Roll Wagon,food,gold,
Breeze Boutique,clothing,bronze,
Hot Dog Haven,food,bronze,
Gallery on the Green,art,silver,
Pet Bandana Booth,other,bronze,
Macrame Magic,craft,silver,
Crepe Escape,food,bronze,
The Pretzel Twist,food,silver,
Mango Tango Smoothies,food,silver,
Empanada Express,food,gold,
Lobster Roll Co,food,bronze,
Balloon Twist Co,services,bronze,
Stone & Spark,jewelry,gold,
Brisket Boss,food,platinum,
Amber Wave Designs,jewelry,gold,
Crystal Clear Jewelry,jewelry,silver,
Dye Hard Crafts,craft,bronze,
Joe's BBQ #2,food,gold,
Eco Straw Co,other,bronze,
Mama Rosa's Kitchen #2,food,gold,
Rustic Revival,craft,platinum,
Tidal Art Co,art,platinum,
Handmade Haven #2,craft,bronze,
Knotty by Nature #2,craft,silver,
Festival Fashion,clothing,gold,
Stitched Up Style,clothing,silver,
Tarot by the Sea,services,bronze,
Bohemian Baubles,jewelry,silver,
Hair Wrap Haven,services,platinum,
Brushstroke Boutique,art,silver,cat:art
Linen & Sea,clothing,platinum,
Sunrise Tacos #2,food,bronze,
Palm Print Co,clothing,gold,
The Craft Barn #2,craft,platinum,
The Ring Smith,jewelry,gold,
Wave Rider Apparel,clothing,silver,
Plant Pals,other,bronze,
The Smoky Pit #2,food,bronze,
Stitch & Stone #2,craft,platinum,
Coastal Creamery #2,food,bronze,
Temp Tattoo Studio,services,bronze,
Beachside Bites #2,food,bronze,
Grill & Chill #2,food,silver,
Sunset Paintings #2,art,silver,
Portrait Sketches,services,gold,
Noodle Shack #2,food,bronze,
Sandal City,clothing,gold,
Color Splash Studio #2,art,silver,
Ocean Brush Art #2,art,gold,cat:craft
Fryin' Saucer #2,food,silver,
Glitter Bar,services,silver,
The Canvas Collective #2,art,bronze,cat:art
Tie Dye Dreams #2,clothing,platinum,
Thread & Needle #2,clothing,silver,
Woodwork Wonders #2,craft,silver,
Paper & Thread #2,craft,gold,
The Potters Wheel #2,craft,bronze,cat:art
Driftwood Gallery #2,art,gold,
Boho Beach Wear #2,clothing,bronze,
The Waffle House #2,food,platinum,
Sun Kissed Apparel #2,clothing,gold,
Quick Caricatures #2,services,platinum,
Face Paint Fantasy #2,services,silver,
Palette Knife Works #2,art,bronze,
The Hat Shack #2,clothing,gold,
Magnet Mania,other,silver,
Candle Cove Crafts #2,craft,silver,
Woven Winds #2,craft,bronze,
Vintage Vibes Clothing #2,clothing,platinum,
Sweet Corn Stand #2,food,silver,
Watercolor Wonders #2,art,silver,
Coastal Threads #2,clothing,platinum,
Abstract Horizons #2,art,gold,
Henna by Hannah #2,services,platinum,
Bayou Boil #2,food,bronze,
Lemon Drop Lemonade #2,food,silver,
Sticker Shock,other,gold,
Keychain Corner,other,gold,
Leather & Lace Co #2,craft,gold,cat:craft
Palm Reading Palace #2,services,silver,
Charm School Jewelry,jewelry,bronze,
Island Wear Co #2,clothing,platinum,
Soap Suds Studio #2,craft,silver,
Pizza Planet Cart #2,food,gold,
Silver Moon Jewelry #2,jewelry,silver,
Breeze Boutique #2,clothing,platinum,
Festival Fashion #2,clothing,bronze,
Island Jerk Hut #2,food,silver,
Photo Booth Fun #2,services,gold,
Funnel Cake Factory #2,food,bronze,
Coastal Impressions #2,art,silver,cat:jewelry
Boardwalk Burgers #2,food,bronze,
Stitched Up Style #2,clothing,bronze,
Airbrush Alley #2,services,bronze,
Linen & Sea #2,clothing,silver,
Seascape Studio #2,art,silver,
Glassblown Treasures #2,craft,gold,
Macrame Magic #2,craft,bronze,
Palm Print Co #2,clothing,silver,
Coastal Gems #2,jewelry,gold,
Wave Rider Apparel #2,clothing,bronze,
Bead & Wire Studio #2,jewelry,silver,
Vivid Visions Art #2,art,platinum,
Pho Real #2,food,platinum,
Sandal City #2,clothing,silver,
Crab Cake Cove #2,food,gold,
Kettle Corn King #2,food,bronze,
Sea Glass Designs #2,jewelry,bronze,
Twisted Metal Co #2,jewelry,platinum,
Pearl Cove Jewelry #2,jewelry,silver,
Tie Dye Dreams #3,clothing,silver,
Curry Up Now #2,food,silver,
Spectrum Fine Art #2,art,gold,
Balloon Twist Co #2,services,bronze,
Gallery on the Green #2,art,bronze,
Taco Libre #2,food,gold,
Sushi Roll Wagon #2,food,silver,
Hot Dog Haven #2,food,silver,
Stone & Spark #2,jewelry,silver,
Tarot by the Sea #2,services,bronze,
Thread & Needle #3,clothing,bronze,
Phone Case Place,other,silver,
Amber Wave Designs #2,jewelry,gold,
Crepe Escape #2,food,bronze,
Crystal Clear Jewelry #2,jewelry,bronze,
Dye Hard Crafts #2,craft,gold,
The Pretzel Twist #2,food,bronze,
Mango Tango Smoothies #2,food,bronze,
Hair Wrap Haven #2,services,bronze,
Rustic Revival #2,craft,silver,
Empanada Express #2,food,bronze,
Bohemian Baubles #2,jewelry,silver,
Lobster Roll Co #2,food,bronze,
Brisket Boss #2,food,bronze,
Temp Tattoo Studio #2,services,bronze,
Joe's BBQ #3,food,silver,
The Ring Smith #2,jewelry,silver,
Handmade Haven #3,craft,gold,
Mama Rosa's Kitchen #3,food,bronze,
Tidal Art Co #2,art,platinum,
Portrait Sketches #2,services,bronze,
Brushstroke Boutique #2,art,silver,
Charm School Jewelry #2,jewelry,bronze,
Knotty by Nature #3,craft,bronze,
Sunrise Tacos #3,food,bronze,
Glitter Bar #2,services,bronze,
The Smoky Pit #3,food,bronze,
Boho Beach Wear #3,clothing,platinum,
Festival Maps & More #2,other,gold,
Sun Kissed Apparel #3,clothing,silver,
Coastal Creamery #3,food,silver,
The Craft Barn #3,craft,silver,
Beachside Bites #3,food,gold,
Sunset Paintings #3,art,bronze,
Grill & Chill #3,food,bronze,
Stitch & Stone #3,craft,gold,
Woodwork Wonders #3,craft,gold,
Noodle Shack #3,food,silver,
Silver Moon Jewelry #3,jewelry,gold,
Fryin' Saucer #3,food,gold,
Color Splash Studio #3,art,silver,cat:craft
The Waffle House #3,food,bronze,
Ocean Brush Art #3,art,silver,
Paper & Thread #3,craft,gold,
The Potters Wheel #3,craft,bronze,
Sweet Corn Stand #3,food,gold,
Bayou Boil #3,food,silver,
The Hat Shack #3,clothing,silver,
Lemon Drop Lemonade #3,food,bronze,
The Canvas Collective #3,art,bronze,cat:jewelry
Vintage Vibes Clothing #3,clothing,bronze,
Pizza Planet Cart #3,food,bronze,
Coastal Threads #3,clothing,gold,
Island Wear Co #3,clothing,bronze,
Coastal Gems #3,jewelry,bronze,
Driftwood Gallery #3,art,bronze,cat:jewelry
Palette Knife Works #3,art,bronze,cat:craft
Island Jerk Hut #3,food,bronze,
Quick Caricatures #3,services,silver,
Face Paint Fantasy #3,services,silver,
Watercolor Wonders #3,art,silver,
Candle Cove Crafts #3,craft,silver,
Woven Winds #3,craft,silver,
Funnel Cake Factory #3,food,bronze,
Abstract Horizons #3,art,bronze,
Breeze Boutique #3,clothing,silver,
Boardwalk Burgers #3,food,platinum,
Leather & Lace Co #3,craft,bronze,cat:art
Pho Real #3,food,silver,
Coastal Impressions #3,art,platinum,cat:art
Soap Suds Studio #3,craft,silver,
Glassblown Treasures #3,craft,gold,
Henna by Hannah #3,services,gold,
Seascape Studio #3,art,bronze,cat:jewelry
Festival Fashion #3,clothing,bronze,
Macrame Magic #3,craft,silver,cat:art
Stitched Up Style #3,clothing,silver,
Crab Cake Cove #3,food,bronze,
Vivid Visions Art #3,art,bronze,
Palm Reading Palace #3,services,bronze,
Spectrum Fine Art #3,art,bronze,
Linen & Sea #3,clothing,bronze,
Bead & Wire Studio #3,jewelry,silver,
Dye Hard Crafts #3,craft,silver,
Palm Print Co #3,clothing,bronze,
Photo Booth Fun #3,services,silver,
Sea Glass Designs #3,jewelry,silver,
Kettle Corn King #3,food,platinum,
Wave Rider Apparel #3,clothing,gold,
Curry Up Now #3,food,silver,
Sunscreen Station #2,other,bronze,
Airbrush Alley #3,services,silver,
Gallery on the Green #3,art,silver,
Twisted Metal Co #3,jewelry,gold,
Tidal Art Co #3,art,silver,cat:craft
Brushstroke Boutique #3,art,gold,
Taco Libre #3,food,bronze,
Balloon Twist Co #3,services,gold,
Sushi Roll Wagon #3,food,silver,
Rustic Revival #3,craft,silver,
Sandal City #3,clothing,bronze,
Tie Dye Dreams #4,clothing,gold,
Handmade Haven #4,craft,silver,
Tarot by the Sea #3,services,silver,
Sunset Paintings #4,art,silver,
Hair Wrap Haven #3,services,gold,
Color Splash Studio #4,art,bronze,
Pearl Cove Jewelry #3,jewelry,gold,
Thread & Needle #4,clothing,silver,
Temp Tattoo Studio #3,services,gold,
Pet Bandana Booth #2,other,bronze,
Eco Straw Co #2,other,gold,
Ocean Brush Art #4,art,bronze,
Plant Pals #2,other,gold,
Magnet Mania #2,other,gold,
Sticker Shock #2,other,bronze,
Stone & Spark #3,jewelry,silver,
Portrait Sketches #3,services,bronze,
Amber Wave Designs #3,jewelry,gold,
Hot Dog Haven #3,food,platinum,
The Canvas Collective #4,art,bronze,
Driftwood Gallery #4,art,platinum,
Palette Knife Works #4,art,bronze,cat:jewelry
Watercolor Wonders #4,art,bronze,
Abstract Horizons #4,art,gold,
Boho Beach Wear #4,clothing,bronze,
Crepe Escape #3,food,bronze,
Keychain Corner #2,other,silver,
Coastal Impressions #4,art,bronze,
The Pretzel Twist #3,food,platinum,
Sun Kissed Apparel #4,clothing,gold,
Knotty by Nature #4,craft,silver,cat:art
Mango Tango Smoothies #3,food,bronze,
Crystal Clear Jewelry #3,jewelry,silver,
Bohemian Baubles #3,jewelry,silver,
The Craft Barn #4,craft,platinum,cat:art
Seascape Studio #4,art,gold,
Glitter Bar #3,services,silver,
Empanada Express #3,food,silver,
Quick Caricatures #4,services,gold,
Lobster Roll Co #3,food,silver,
Brisket Boss #3,food,platinum,
Vivid Visions Art #4,art,bronze,
Joe's BBQ #4,food,silver,
The Ring Smith #3,jewelry,silver,
Stitch & Stone #4,craft,bronze,
The Hat Shack #4,clothing,silver,
Spectrum Fine Art #4,art,gold,cat:jewelry
Woodwork Wonders #4,craft,bronze,
Paper & Thread #4,craft,silver,
The Potters Wheel #4,craft,silver,
Vintage Vibes Clothing #4,clothing,platinum,
Face Paint Fantasy #4,services,silver,
Phone Case Place #2,other,bronze,
Coastal Threads #4,clothing,gold,
Charm School Jewelry #3,jewelry,bronze,
Silver Moon Jewelry #4,jewelry,silver,
Coastal Gems #4,jewelry,silver,
Festival Maps & More #3,other,silver,
Candle Cove Crafts #4,craft,silver,
Mama Rosa's Kitchen #4,food,silver,
Woven Winds #4,craft,gold,
Sunrise Tacos #4,food,bronze,
Leather & Lace Co #4,craft,bronze,
Henna by Hannah #4,services,gold,
Gallery on the Green #4,art,silver,cat:jewelry
Sunscreen Station #3,other,gold,
Soap Suds Studio #4,craft,bronze,cat:art
Tidal Art Co #4,art,bronze,
The Smoky Pit #4,food,platinum,
Glassblown Treasures #4,craft,silver,
Island Wear Co #4,clothing,gold,
Macrame Magic #4,craft,bronze,
Brushstroke Boutique #4,art,platinum,
Pet Bandana Booth #3,other,gold,
Bead & Wire Studio #4,jewelry,silver,
Coastal Creamery #4,food,silver,
Dye Hard Crafts #4,craft,gold,
Beachside Bites #4,food,bronze,
Grill & Chill #4,food,bronze,
Breeze Boutique #4,clothing,bronze,
Rustic Revival #4,craft,silver,
Noodle Shack #4,food,silver,
Palm Reading Palace #4,services,platinum,
Sunset Paintings #5,art,silver,
Color Splash Studio #5,art,bronze,cat:jewelry
Fryin' Saucer #4,food,gold,
The Waffle House #4,food,platinum,
Sweet Corn Stand #4,food,gold,
Bayou Boil #4,food,silver,
Photo Booth Fun #4,services,bronze,
Handmade Haven #5,craft,bronze,
Ocean Brush Art #5,art,gold,
Sea Glass Designs #4,jewelry,platinum,
The Canvas Collective #5,art,silver,
Lemon Drop Lemonade #4,food,silver,
Eco Straw Co #3,other,silver,
Driftwood Gallery #5,art,silver,
Palette Knife Works #5,art,silver,
Pizza Planet Cart #4,food,silver,
Airbrush Alley #4,services,bronze,
Knotty by Nature #5,craft,gold,
Island Jerk Hut #4,food,silver,
Funnel Cake Factory #4,food,bronze,
Festival Fashion #4,clothing,silver,
Balloon Twist Co #4,services,silver,
Boardwalk Burgers #4,food,gold,
Tarot by the Sea #4,services,bronze,
Pho Real #4,food,silver,
Crab Cake Cove #4,food,silver,
Kettle Corn King #4,food,platinum,
Curry Up Now #4,food,bronze,
Taco Libre #4,food,silver,
Sushi Roll Wagon #4,food,silver,
Hair Wrap Haven #4,services,silver,
Stitched Up Style #4,clothing,silver,
Linen & Sea #4,clothing,silver,
Plant Pals #3,other,bronze,
Twisted Metal Co #4,jewelry,platinum,
Magnet Mania #3,other,bronze,
Temp Tattoo Studio #4,services,gold,
Hot Dog Haven #4,food,silver,
The Craft Barn #5,craft,silver,
Crepe Escape #4,food,bronze,
Stitch & Stone #5,craft,bronze,
Woodwork Wonders #5,craft,bronze,
Pearl Cove Jewelry #4,jewelry,silver,
Stone & Spark #4,jewelry,silver,
Portrait Sketches #4,services,bronze,
Glitter Bar #4,services,bronze,
Paper & Thread #5,craft,bronze,
Watercolor Wonders #5,art,bronze,cat:art
Palm Print Co #4,clothing,silver,
The Pretzel Twist #4,food,silver,
Wave Rider Apparel #4,clothing,platinum,
Abstract Horizons #5,art,gold,
Mango Tango Smoothies #4,food,bronze,
The Potters Wheel #5,craft,silver,cat:art
Empanada Express #4,food,bronze,
Candle Cove Crafts #5,craft,bronze,
Woven Winds #5,craft,gold,
Lobster Roll Co #4,food,silver,
Sandal City #4,clothing,platinum,
Brisket Boss #4,food,silver,
Coastal Impressions #5,art,silver,
Tie Dye Dreams #5,clothing,bronze,
Amber Wave Designs #4,jewelry,bronze,
Joe's BBQ #5,food,bronze,
Seascape Studio #5,art,gold,
Mama Rosa's Kitchen #5,food,bronze,
Sunrise Tacos #5,food,gold,
The Smoky Pit #5,food,silver,
Coastal Creamery #5,food,bronze,
Beachside Bites #5,food,bronze,
Sticker Shock #3,other,silver,
Grill & Chill #5,food,gold,
Quick Caricatures #5,services,bronze,
Noodle Shack #5,food,gold,
Thread & Needle #5,clothing,silver,
Crystal Clear Jewelry #4,jewelry,bronze,
Boho Beach Wear #5,clothing,bronze,
Face Paint Fantasy #5,services,bronze,
Vivid Visions Art #5,art,silver,
Fryin' Saucer #5,food,gold,
The Waffle House #5,food,silver,
Leather & Lace Co #5,craft,bronze,
Soap Suds Studio #5,craft,gold,
Spectrum Fine Art #5,art,silver,
Gallery on the Green #5,art,bronze,cat:art
Sweet Corn Stand #5,food,bronze,
Glassblown Treasures #5,craft,silver,
Bayou Boil #5,food,silver,
Bohemian Baubles #4,jewelry,bronze,
Lemon Drop Lemonade #5,food,platinum,
Macrame Magic #5,craft,platinum,
Pizza Planet Cart #5,food,platinum,
Island Jerk Hut #5,food,silver,
Henna by Hannah #5,services,silver,
Dye Hard Crafts #5,craft,silver,
Funnel Cake Factory #5,food,gold,
The Ring Smith #4,jewelry,silver,
Boardwalk Burgers #5,food,gold,
Sun Kissed Apparel #5,clothing,bronze,
Pho Real #5,food,bronze,
Charm School Jewelry #4,jewelry,gold,
Crab Cake Cove #5,food,bronze,
Kettle Corn King #5,food,silver,
Curry Up Now #5,food,bronze,
Taco Libre #5,food,silver,
The Hat Shack #5,clothing,silver,
Sushi Roll Wagon #5,food,bronze,
Hot Dog Haven #5,food,bronze,
Silver Moon Jewelry #5,jewelry,silver,
Tidal Art Co #5,art,platinum,cat:art
Rustic Revival #5,craft,silver,
Handmade Haven #6,craft,silver,cat:art
Knotty by Nature #6,craft,bronze,cat:art
Vintage Vibes Clothing #5,clothing,silver,
Keychain Corner #3,other,platinum,
Coastal Threads #5,clothing,gold,
Palm Reading Palace #5,services,silver,
Photo Booth Fun #5,services,bronze,
Island Wear Co #5,clothing,silver,
Brushstroke Boutique #5,art,bronze,cat:craft
Crepe Escape #5,food,bronze,
The Pretzel Twist #5,food,bronze,
Airbrush Alley #5,services,gold,
Balloon Twist Co #5,services,bronze,
Tarot by the Sea #5,services,bronze,
Breeze Boutique #5,clothing,silver,
Festival Fashion #5,clothing,silver,
Phone Case Place #3,other,gold,
Coastal Gems #5,jewelry,silver,
Bead & Wire Studio #5,jewelry,bronze,
Sunset Paintings #6,art,platinum,cat:art
Hair Wrap Haven #5,services,silver,
The Craft Barn #6,craft,gold,
Mango Tango Smoothies #5,food,bronze,
Color Splash Studio #6,art,platinum,
Ocean Brush Art #6,art,silver,
Empanada Express #5,food,bronze,
Lobster Roll Co #5,food,bronze,
Brisket Boss #5,food,silver,
The Canvas Collective #6,art,silver,
Stitched Up Style #5,clothing,bronze,
Stitch & Stone #6,craft,platinum,
Festival Maps & More #4,other,bronze,
Sea Glass Designs #5,jewelry,gold,
Joe's BBQ #6,food,silver,
Twisted Metal Co #5,jewelry,silver,
Temp Tattoo Studio #5,services,platinum,
Woodwork Wonders #6,craft,bronze,cat:art
Driftwood Gallery #6,art,bronze,cat:jewelry
Mama Rosa's Kitchen #6,food,silver,
Linen & Sea #5,clothing,gold,
Pearl Cove Jewelry #5,jewelry,silver,
Paper & Thread #6,craft,bronze,
Sunscreen Station #4,other,silver,
Sunrise Tacos #6,food,gold,
The Smoky Pit #6,food,gold,
Coastal Creamery #6,food,platinum,
Beachside Bites #6,food,bronze,
The Potters Wheel #6,craft,silver,
Candle Cove Crafts #6,craft,silver,
Pet Bandana Booth #4,other,gold,
Woven Winds #6,craft,bronze,
Grill & Chill #6,food,bronze,
Palette Knife Works #6,art,platinum,
Portrait Sketches #5,services,silver,
Noodle Shack #6,food,bronze,
Glitter Bar #5,services,bronze,
Palm Print Co #5,clothing,gold,
Watercolor Wonders #6,art,bronze,
Abstract Horizons #6,art,platinum,
Quick Caricatures #6,services,bronze,
Face Paint Fantasy #6,services,gold,
Leather & Lace Co #6,craft,gold,
Stone & Spark #5,jewelry,bronze,
Wave Rider Apparel #5,clothing,platinum,
Fryin' Saucer #6,food,bronze,
The Waffle House #6,food,bronze,
Soap Suds Studio #6,craft,platinum,
Henna by Hannah #6,services,gold,
Amber Wave Designs #5,jewelry,bronze,
Sweet Corn Stand #6,food,silver,
Sandal City #5,clothing,platinum,
Glassblown Treasures #6,craft,gold,
Bayou Boil #6,food,silver,
Tie Dye Dreams #6,clothing,bronze,
Macrame Magic #6,craft,gold,
Lemon Drop Lemonade #6,food,bronze,
Dye Hard Crafts #6,craft,platinum,
Coastal Impressions #6,art,bronze,
Crystal Clear Jewelry #5,jewelry,platinum,
Seascape Studio #6,art,silver,
Thread & Needle #6,clothing,bronze,
Pizza Planet Cart #6,food,gold,
Island Jerk Hut #6,food,gold,
Bohemian Baubles #5,jewelry,gold,
Rustic Revival #6,craft,bronze,
Palm Reading Palace #6,services,bronze,
Boho Beach Wear #6,clothing,silver,
Handmade Haven #7,craft,silver,cat:craft
Sun Kissed Apparel #6,clothing,platinum,
Eco Straw Co #4,other,gold,
Vivid Visions Art #6,art,silver,cat:jewelry
Funnel Cake Factory #6,food,bronze,
Boardwalk Burgers #6,food,platinum,
The Hat Shack #6,clothing,silver,
Plant Pals #4,other,silver,
Pho Real #6,food,silver,
Spectrum Fine Art #6,art,bronze,
The Ring Smith #5,jewelry,bronze,
Crab Cake Cove #6,food,bronze,
Vintage Vibes Clothing #6,clothing,bronze,
Charm School Jewelry #5,jewelry,bronze,
Photo Booth Fun #6,services,bronze,
Airbrush Alley #6,services,bronze,
Coastal Threads #6,clothing,bronze,
Balloon Twist Co #6,services,bronze,
Gallery on the Green #6,art,bronze,
Magnet Mania #4,other,platinum,
Island Wear Co #6,clothing,silver,
Tarot by the Sea #6,services,gold,
Silver Moon Jewelry #6,jewelry,silver,
Breeze Boutique #6,clothing,gold,
Coastal Gems #6,jewelry,gold,
Sticker Shock #4,other,gold,
Kettle Corn King #6,food,gold,
Bead & Wire Studio #6,jewelry,bronze,
Tidal Art Co #6,art,gold,
Sea Glass Designs #6,jewelry,platinum,
Knotty by Nature #7,craft,silver,
Twisted Metal Co #6,jewelry,silver,
Brushstroke Boutique #6,art,silver,cat:craft
The Craft Barn #7,craft,bronze,
Hair Wrap Haven #6,services,silver,
Stitch & Stone #7,craft,silver,
Curry Up Now #6,food,bronze,
Taco Libre #6,food,bronze,
Woodwork Wonders #7,craft,platinum,
Paper & Thread #7,craft,silver,cat:art
Sushi Roll Wagon #6,food,silver,
Pearl Cove Jewelry #6,jewelry,silver,
Keychain Corner #4,other,bronze,
The Potters Wheel #7,craft,platinum,
Candle Cove Crafts #7,craft,silver,cat:art
Hot Dog Haven #6,food,silver,
Temp Tattoo Studio #6,services,silver,
Crepe Escape #6,food,bronze,
Portrait Sketches #6,services,gold,
The Pretzel Twist #6,food,bronze,
Mango Tango Smoothies #6,food,silver,
Festival Fashion #6,clothing,bronze,
Stone & Spark #6,jewelry,silver,
Woven Winds #7,craft,gold,
Empanada Express #6,food,bronze,
Stitched Up Style #6,clothing,silver,
Leather & Lace Co #7,craft,platinum,cat:art
Lobster Roll Co #6,food,bronze,
Sunset Paintings #7,art,silver,
Brisket Boss #6,food,silver,
Color Splash Studio #7,art,silver,
Ocean Brush Art #7,art,gold,
The Canvas Collective #7,art,platinum,
Driftwood Gallery #7,art,bronze,
Palette Knife Works #7,art,silver,
Joe's BBQ #7,food,gold,
Soap Suds Studio #7,craft,gold,cat:craft
Mama Rosa's Kitchen #7,food,bronze,
Watercolor Wonders #7,art,bronze,cat:art
Sunrise Tacos #7,food,bronze,
The Smoky Pit #7,food,silver,
Abstract Horizons #7,art,silver,
Glassblown Treasures #7,craft,bronze,
Linen & Sea #6,clothing,gold,
Coastal Creamery #7,food,platinum,
Glitter Bar #6,services,platinum,
Macrame Magic #7,craft,silver,
Coastal Impressions #7,art,platinum,cat:jewelry
Amber Wave Designs #6,jewelry,silver,
Beachside Bites #7,food,platinum,
Seascape Studio #7,art,bronze,
Crystal Clear Jewelry #6,jewelry,bronze,
Bohemian Baubles #6,jewelry,silver,
The Ring Smith #6,jewelry,silver,
Phone Case Place #4,other,bronze,
Charm School Jewelry #6,jewelry,gold,
Grill & Chill #7,food,silver,
Noodle Shack #7,food,gold,
Fryin' Saucer #7,food,silver,
Palm Print Co #6,clothing,silver,
Wave Rider Apparel #6,clothing,bronze,
Dye Hard Crafts #7,craft,silver,
Vivid Visions Art #7,art,silver,
Spectrum Fine Art #7,art,bronze,cat:craft
Quick Caricatures #7,services,silver,
Gallery on the Green #7,art,silver,cat:art
The Waffle House #7,food,bronze,
Rustic Revival #7,craft,gold,cat:art
Sandal City #6,clothing,silver,
Sweet Corn Stand #7,food,gold,
Festival Maps & More #5,other,bronze,
Tidal Art Co #7,art,silver,cat:craft
Brushstroke Boutique #7,art,bronze,
Face Paint Fantasy #7,services,gold,
Sunset Paintings #8,art,bronze,cat:art
Bayou Boil #7,food,silver,
Silver Moon Jewelry #7,jewelry,gold,
Coastal Gems #7,jewelry,silver,
Lemon Drop Lemonade #7,food,gold,
Pizza Planet Cart #7,food,bronze,
Tie Dye Dreams #7,clothing,platinum,
Island Jerk Hut #7,food,silver,
Color Splash Studio #8,art,silver,
Bead & Wire Studio #7,jewelry,silver,
Handmade Haven #8,craft,silver,
Henna by Hannah #7,services,gold,
Ocean Brush Art #8,art,silver,cat:art
Funnel Cake Factory #7,food,bronze,
Boardwalk Burgers #7,food,silver,
The Canvas Collective #8,art,platinum,
Pho Real #7,food,bronze,
Crab Cake Cove #7,food,silver,
Knotty by Nature #8,craft,bronze,
Driftwood Gallery #8,art,silver,
Palm Reading Palace #7,services,silver,
Palette Knife Works #8,art,platinum,
Kettle Corn King #7,food,silver,
Curry Up Now #7,food,gold,
Sea Glass Designs #7,jewelry,silver,
Taco Libre #7,food,gold,
Watercolor Wonders #8,art,gold,
Sushi Roll Wagon #7,food,gold,
Photo Booth Fun #7,services,silver,
Airbrush Alley #7,services,bronze,
Balloon Twist Co #7,services,platinum,
The Craft Barn #8,craft,bronze,
Stitch & Stone #8,craft,bronze,
Hot Dog Haven #7,food,bronze,
Thread & Needle #7,clothing,bronze,
Boho Beach Wear #7,clothing,bronze,
Tarot by the Sea #7,services,bronze,
Hair Wrap Haven #7,services,bronze,
Crepe Escape #7,food,bronze,
The Pretzel Twist #7,food,bronze,
Twisted Metal Co #7,jewelry,gold,
Sun Kissed Apparel #7,clothing,gold,
Mango Tango Smoothies #7,food,bronze,
Empanada Express #7,food,platinum,
The Hat Shack #7,clothing,silver,
Abstract Horizons #8,art,platinum,cat:jewelry
Lobster Roll Co #7,food,bronze,
Pearl Cove Jewelry #7,jewelry,gold,
Coastal Impressions #8,art,silver,
Brisket Boss #7,food,silver,
Woodwork Wonders #8,craft,bronze,
Paper & Thread #8,craft,bronze,
Sunscreen Station #5,other,bronze,
Joe's BBQ #8,food,bronze,
The Potters Wheel #8,craft,bronze,cat:craft
Mama Rosa's Kitchen #8,food,gold,
Stone & Spark #7,jewelry,silver,
Sunrise Tacos #8,food,bronze,
Candle Cove Crafts #8,craft,silver,
Amber Wave Designs #7,jewelry,bronze,
Pet Bandana Booth #5,other,bronze,
The Smoky Pit #8,food,gold,
Woven Winds #8,craft,gold,
Coastal Creamery #8,food,silver,
Seascape Studio #8,art,bronze,
Vivid Visions Art #8,art,gold,cat:jewelry
Eco Straw Co #5,other,bronze,
Beachside Bites #8,food,silver,
Vintage Vibes Clothing #7,clothing,platinum,
Spectrum Fine Art #8,art,gold,
Grill & Chill #8,food,silver,
Coastal Threads #7,clothing,platinum,
Island Wear Co #7,clothing,silver,
Noodle Shack #8,food,silver,
Fryin' Saucer #8,food,bronze,
Gallery on the Green #8,art,gold,
The Waffle House #8,food,bronze,
Sweet Corn Stand #8,food,bronze,
Temp Tattoo Studio #7,services,gold,
Breeze Boutique #7,clothing,silver,
Bayou Boil #8,food,bronze,
Plant Pals #5,other,bronze,
Lemon Drop Lemonade #8,food,bronze,
Pizza Planet Cart #8,food,platinum,
Island Jerk Hut #8,food,platinum,
Festival Fashion #7,clothing,bronze,
Leather & Lace Co #8,craft,bronze,
Funnel Cake Factory #8,food,platinum,
Boardwalk Burgers #8,food,silver,
Tidal Art Co #8,art,bronze,cat:art
Brushstroke Boutique #8,art,platinum,
Soap Suds Studio #8,craft,silver,
Crystal Clear Jewelry #7,jewelry,silver,
Stitched Up Style #7,clothing,gold,
Pho Real #8,food,platinum,
Bohemian Baubles #7,jewelry,bronze,
Glassblown Treasures #8,craft,bronze,
Macrame Magic #8,craft,bronze,cat:art
Linen & Sea #7,clothing,silver,
Crab Cake Cove #8,food,platinum,
The Ring Smith #7,jewelry,bronze,
Dye Hard Crafts #8,craft,bronze,
Palm Print Co #7,clothing,silver,
Kettle Corn King #8,food,bronze,
Curry Up Now #8,food,silver,
Portrait Sketches #7,services,silver,
Rustic Revival #8,craft,bronze,
Wave Rider Apparel #7,clothing,bronze,
Charm School Jewelry #7,jewelry,bronze,
Taco Libre #8,food,gold,
Sunset Paintings #9,art,bronze,
Magnet Mania #5,other,platinum,
Sushi Roll Wagon #8,food,bronze,
Hot Dog Haven #8,food,bronze,
Crepe Escape #8,food,silver,
The Pretzel Twist #8,food,bronze,
Mango Tango Smoothies #8,food,bronze,
Sandal City #7,clothing,bronze,
Tie Dye Dreams #8,clothing,platinum,
Empanada Express #8,food,bronze,
Glitter Bar #7,services,bronze,
Color Splash Studio #9,art,bronze,
Lobster Roll Co #8,food,silver,
Sticker Shock #5,other,bronze,
Quick Caricatures #8,services,silver,
Ocean Brush Art #9,art,gold,cat:jewelry
The Canvas Collective #9,art,gold,cat:jewelry
Driftwood Gallery #9,art,bronze,
Handmade Haven #9,craft,platinum,
Knotty by Nature #9,craft,bronze,
Thread & Needle #8,clothing,silver,
Silver Moon Jewelry #8,jewelry,gold,
Keychain Corner #5,other,bronze,
Boho Beach Wear #8,clothing,platinum,
Palette Knife Works #9,art,platinum,
Sun Kissed Apparel #8,clothing,bronze,
Watercolor Wonders #9,art,silver,
The Hat Shack #8,clothing,gold,
Vintage Vibes Clothing #8,clothing,silver,
Abstract Horizons #9,art,bronze,
The Craft Barn #9,craft,gold,
Brisket Boss #8,food,silver,
Stitch & Stone #9,craft,silver,
Face Paint Fantasy #8,services,bronze,
Coastal Gems #8,jewelry,silver,
Woodwork Wonders #9,craft,bronze,
Joe's BBQ #9,food,bronze,
Mama Rosa's Kitchen #9,food,bronze,
Sunrise Tacos #9,food,bronze,
Coastal Impressions #9,art,bronze,cat:craft
Coastal Threads #8,clothing,bronze,
Island Wear Co #8,clothing,gold,
Breeze Boutique #8,clothing,silver,
Festival Fashion #8,clothing,gold,
The Smoky Pit #9,food,bronze,
Phone Case Place #5,other,bronze,
Henna by Hannah #8,services,platinum,
Festival Maps & More #6,other,bronze,
Coastal Creamery #9,food,bronze,
Palm Reading Palace #8,services,bronze,
Beachside Bites #9,food,bronze,
Stitched Up Style #8,clothing,bronze,
Seascape Studio #9,art,bronze,
Grill & Chill #9,food,silver,
Noodle Shack #9,food,bronze,
Fryin' Saucer #9,food,gold,
The Waffle House #9,food,silver,
Sweet Corn Stand #9,food,silver,
Bayou Boil #9,food,bronze,
Linen & Sea #8,clothing,gold,
Photo Booth Fun #8,services,silver,
Paper & Thread #9,craft,silver,
Vivid Visions Art #9,art,bronze,cat:jewelry
Lemon Drop Lemonade #9,food,silver,
Airbrush Alley #8,services,silver,
Palm Print Co #8,clothing,silver,
Balloon Twist Co #8,services,silver,
The Potters Wheel #9,craft,silver,
Wave Rider Apparel #8,clothing,silver,
Spectrum Fine Art #9,art,silver,
Candle Cove Crafts #9,craft,gold,cat:art
Sandal City #8,clothing,silver,
Bead & Wire Studio #8,jewelry,gold,
Sea Glass Designs #8,jewelry,gold,
Pizza Planet Cart #9,food,silver,
Gallery on the Green #9,art,silver,
Tie Dye Dreams #9,clothing,bronze,
Tidal Art Co #9,art,gold,
Woven Winds #9,craft,bronze,
Island Jerk Hut #9,food,bronze,
Leather & Lace Co #9,craft,bronze,
Soap Suds Studio #9,craft,bronze,
Funnel Cake Factory #9,food,silver,
Tarot by the Sea #8,services,silver,
Brushstroke Boutique #9,art,silver,cat:art
Sunset Paintings #10,art,silver,cat:jewelry
Thread & Needle #9,clothing,silver,
Boardwalk Burgers #9,food,bronze,
Glassblown Treasures #9,craft,gold,
Pho Real #9,food,bronze,
Twisted Metal Co #8,jewelry,gold,
Color Splash Studio #10,art,bronze,
Crab Cake Cove #9,food,platinum,
Kettle Corn King #9,food,gold,
Curry Up Now #9,food,bronze,
Hair Wrap Haven #8,services,bronze,
Macrame Magic #9,craft,bronze,
Temp Tattoo Studio #8,services,bronze,
Portrait Sketches #8,services,bronze,
Boho Beach Wear #9,clothing,platinum,
Sun Kissed Apparel #9,clothing,platinum,
Sunscreen Station #6,other,platinum,
The Hat Shack #9,clothing,silver,
Dye Hard Crafts #9,craft,bronze,
Glitter Bar #8,services,silver,
Rustic Revival #9,craft,gold,
Taco Libre #9,food,gold,
Sushi Roll Wagon #9,food,silver,
Quick Caricatures #9,services,bronze,
Hot Dog Haven #9,food,platinum,
Pearl Cove Jewelry #8,jewelry,platinum,
Stone & Spark #8,jewelry,silver,
Handmade Haven #10,craft,bronze,cat:craft
Amber Wave Designs #8,jewelry,silver,
Vintage Vibes Clothing #9,clothing,silver,
Ocean Brush Art #10,art,bronze,
Coastal Threads #9,clothing,bronze,
Crepe Escape #9,food,bronze,
Island Wear Co #9,clothing,gold,
Crystal Clear Jewelry #8,jewelry,gold,
Pet Bandana Booth #6,other,bronze,
Eco Straw Co #6,other,silver,
The Pretzel Twist #9,food,bronze,
The Canvas Collective #10,art,gold,cat:art
Knotty by Nature #10,craft,bronze,
Driftwood Gallery #10,art,platinum,
The Craft Barn #10,craft,silver,
Stitch & Stone #10,craft,silver,
Woodwork Wonders #10,craft,bronze,
Paper & Thread #10,craft,silver,
Mango Tango Smoothies #9,food,bronze,
Breeze Boutique #9,clothing,bronze,
Face Paint Fantasy #9,services,bronze,
Empanada Express #9,food,gold,
Palette Knife Works #10,art,silver,cat:art
Watercolor Wonders #10,art,bronze,
Abstract Horizons #10,art,gold,
Lobster Roll Co #9,food,silver,
The Potters Wheel #10,craft,bronze,cat:art
Brisket Boss #9,food,silver,
Henna by Hannah #9,services,silver,
Festival Fashion #9,clothing,bronze,
Plant Pals #6,other,bronze,
Coastal Impressions #10,art,silver,
Candle Cove Crafts #10,craft,platinum,cat:art
Palm Reading Palace #9,services,platinum,
Photo Booth Fun #9,services,bronze,
Joe's BBQ #10,food,silver,
Stitched Up Style #9,clothing,bronze,
Seascape Studio #10,art,silver,cat:art
Vivid Visions Art #10,art,gold,
Mama Rosa's Kitchen #10,food,platinum,
Spectrum Fine Art #10,art,silver,
Linen & Sea #9,clothing,silver,
Sunrise Tacos #10,food,bronze,
Woven Winds #10,craft,gold,
Magnet Mania #6,other,bronze,
The Smoky Pit #10,food,bronze,
Coastal Creamery #10,food,gold,
Airbrush Alley #9,services,platinum,
Beachside Bites #10,food,silver,
Gallery on the Green #10,art,bronze,
Leather & Lace Co #10,craft,silver,cat:art
Tidal Art Co #10,art,gold,cat:art
Grill & Chill #10,food,bronze,
Brushstroke Boutique #10,art,gold,
Sunset Paintings #11,art,gold,
Noodle Shack #10,food,bronze,
Color Splash Studio #11,art,bronze,
Soap Suds Studio #10,craft,platinum,
Balloon Twist Co #9,services,gold,
Palm Print Co #9,clothing,bronze,
Glassblown Treasures #10,craft,silver,
Macrame Magic #10,craft,gold,
Wave Rider Apparel #9,clothing,platinum,
Sticker Shock #6,other,silver,
Fryin' Saucer #10,food,platinum,
The Waffle House #10,food,silver,
Ocean Brush Art #11,art,bronze,
Keychain Corner #6,other,bronze,
The Canvas Collective #11,art,silver,
Dye Hard Crafts #10,craft,gold,
Bohemian Baubles #8,jewelry,silver,
Sandal City #9,clothing,bronze,
Sweet Corn Stand #10,food,bronze,
Bayou Boil #10,food,silver,
Rustic Revival #10,craft,bronze,
Tarot by the Sea #9,services,bronze,
Tie Dye Dreams #10,clothing,silver,
Handmade Haven #11,craft,silver,
Hair Wrap Haven #9,services,platinum,
Lemon Drop Lemonade #10,food,gold,
Knotty by Nature #11,craft,silver,
The Craft Barn #11,craft,bronze,
Thread & Needle #10,clothing,silver,
Pizza Planet Cart #10,food,platinum,
Temp Tattoo Studio #9,services,bronze,
Stitch & Stone #11,craft,silver,
Woodwork Wonders #11,craft,bronze,cat:craft
Portrait Sketches #9,services,bronze,
Driftwood Gallery #11,art,bronze,
Glitter Bar #9,services,gold,
The Ring Smith #8,jewelry,bronze,
Quick Caricatures #10,services,gold,
Island Jerk Hut #10,food,bronze,
Paper & Thread #11,craft,bronze,
Palette Knife Works #11,art,gold,
Funnel Cake Factory #10,food,bronze,
Watercolor Wonders #11,art,bronze,
Boardwalk Burgers #10,food,silver,
Face Paint Fantasy #10,services,platinum,
Boho Beach Wear #10,clothing,silver,
Pho Real #10,food,silver,
Sun Kissed Apparel #10,clothing,bronze,
Crab Cake Cove #10,food,bronze,
Abstract Horizons #11,art,platinum,